{
  "polygon": [
    [
      0.43852106620808257,
      0.00361238415452683
    ],
    [
      0.47463456577815993,
      0.4867928122890834
    ],
    [
      0.8048151332760103,
      0.7941322618303678
    ],
    [
      0.9759243336199485,
      0.058658255714159856
    ]
  ],
  "version": 1
}